{
  "q": [
    0.7526901485398413,
    0.1819594546919689
  ],
  "idx": 28,
  "pgQuery": [
    [
      0.6629348606540284,
      0.14002621580742658
    ],
    [
      0.6629422039119431,
      0.1399859834602566
    ],
    [
      0.7374817607944593,
      0.08624396931358727
    ],
    [
      0.8284077479324281,
      0.17488643184178998
    ],
    [
      0.755639890643025,
      0.22584184129986323
    ],
    [
      0.705052707769164,
      0.22335711561407393
    ]
  ],
  "cell": [
    [
      0.6815906572677416,
      0.2824921681005708
    ],
    [
      0.5806618691557414,
      0.21284407613743972
    ],
    [
      0.6629619416193087,
      0.14000224709167342
    ],
    [
      0.7197892199494607,
      0.14232793048452488
    ],
    [
      0.7236016173099384,
      0.14757351728029017
    ],
    [
      0.7228600473707186,
      0.1650746805619742
    ],
    [
      0.6864122420173954,
      0.28436632635678866
    ]
  ],
  "areaPoly": 0,
  "areaClip": 0.0026484262355784063
}