{
"sqexp":{"means":[0.6101295246496097,0.7493348191969382,-0.7493348191969379,0.42534728785259396,0.000000017111796093835417],"vars":[0.02211464098328464,0.016046748916698106,0.016046748916698328,0.5209452733144118,0.9999999999999996],"cov":[[0.02211464098328464,-0.007571040567170506,0.005338657812794606,0.009849600593425366,0.0000000005150499683854586],[-0.007571040567170506,0.016046748916698106,-0.005411443451211917,-0.01413328154091747,-0.0000000007870903676165935],[0.005338657812794606,-0.005411443451211917,0.016046748916698328,0.02584821769087687,0.0000000016921125439861805],[0.009849600593425366,-0.01413328154091747,0.02584821769087687,0.5209452733144118,0.0000037126826276287045],[0.0000000005150499683854586,-0.0000000007870903676165935,0.0000000016921125439861805,0.0000037126826276287045,0.9999999999999996]]},
"exp":{"means":[0.47902831170207444,0.47454587273795273,-0.47454587273795296,-0.005608281216681846,-0.00046035575595374754],"vars":[0.24957643737752966,0.24956321574546902,0.24956321574546914,0.6357423832394296,0.9975456514842541]},
"matern1":{"means":[0.553625183946109,0.6405932327722712,-0.640593232772271,0.12532464579942396,0.00013136966496588305],"vars":[0.17014543089341871,0.16570537857952694,0.16570537857952683,0.7575419952881699,0.999999866911328]},
"matern2":{"means":[0.5776518708267817,0.697781533897619,-0.6977815338976192,0.19867636449304601,0.00006284543902257152],"vars":[0.09629524705056858,0.08934085853278717,0.08934085853278717,0.7019978139620557,0.9999999852033159]},
"ratquad":{"means":[0.5846459025866348,0.7111524935319715,-0.7111524935319715,0.23465045948394325,0.006487488865429903],"vars":[0.0504756453899915,0.045097357952510464,0.045097357952510464,0.5360648897731854,0.9969610775509438]},
"linear":{"means":[0.29771539679168835,0.09870884069743086,-0.10029771539688032,-0.5978141056323889,-1.5928468861035525],"vars":[0.004222931036879762,0.002240809849433756,0.0022487542229319146,0.010975151985796572,0.06574167677919718]},
"polynomial":{"means":[0.29766340454667156,0.10024147372426107,-0.09886917747161061,-0.6040339570881168,-1.6460270233161398],"vars":[0.004263820514841754,0.004425625043520398,0.004418763562256345,0.04579681953975978,2.7901516706733673]},
"hypertan":{"means":[-36342228455374674000000000000000000,17019277502086784000000000000000000,29928610295445933000000000000000000,32067006745327015000000000000000000,32081633774400950000000000000000000],"vars":[-3015845331187913300000000000000000,-661406099576762000000000000000000,-2045309610982851000000000000000000,-2348025466038082600000000000000000,-2350168008995332400000000000000000]},
"multiquadric":{"means":[-51687179238586320000000000000000000000000000000000000000000000000000000000000000000000000000000000000,-302815084829146200000000000000000000000000000000000000000000000000000000000000000000000000000000000000,-801931053679853200000000000000000000000000000000000000000000000000000000000000000000000000000000000000,-2380836651141842700000000000000000000000000000000000000000000000000000000000000000000000000000000000000,-7395077643437428000000000000000000000000000000000000000000000000000000000000000000000000000000000000000],"vars":[-21322456153930260000000000000000000000000000000000000000000000000000000000000000000000000000000000000,-731857585099175300000000000000000000000000000000000000000000000000000000000000000000000000000000000000,-5132697022008722000000000000000000000000000000000000000000000000000000000000000000000000000000000000000,-45240851002139530000000000000000000000000000000000000000000000000000000000000000000000000000000000000000,-436472657508248740000000000000000000000000000000000000000000000000000000000000000000000000000000000000000]},
"default":{"means":[0.3994179481801408,0.4152186113297448,-0.4152186113297448,0.001599373206352915,0.000000000000000000000000000000000000000000000000005948759416748026],"vars":[0.22515947403160777,0.22506910097692726,0.22506910097692723,0.3547432884662305,0.35537180171461213]},
"default_added":{"means":[0.3994276560826507,0.41497581396098515,-0.40914579184931793,9.061180423109517,0.0000000000000000000000000000000011994391308433528],"vars":[0.2251594740312387,0.22506910074605935,0.22506895654730297,0.03330932180194168,0.35537180171461213]},
"sqexp_2d":{"means":[1.2023444069667457,1.1237703898911324],"vars":[0.06361323433277455,0.02935537818789591]}
}
